City_ID,City,Country,Lat,Lng,Max Temp,Humidity,Cloudiness,Wind Speed,Current Description
0,Ushuaia,AR,-54.8,-68.3,51.46,35,40,24.16,light rain
1,New Norfolk,AU,-42.7826,147.0587,43.75,72,87,3.0,overcast clouds
2,Bengkulu,ID,-3.8004,102.2655,75.54,90,91,3.42,overcast clouds
3,Lardos,GR,36.0942,28.0157,75.94,68,0,7.23,clear sky
4,Cabo San Lucas,MX,22.8909,-109.9124,96.62,63,40,4.0,scattered clouds
5,Bubaque,GW,11.2833,-15.8333,82.72,77,100,9.82,overcast clouds
6,Chokurdakh,RU,70.6333,147.9167,17.51,89,100,5.79,overcast clouds
7,Otradnoye,RU,59.7775,30.8181,51.57,68,15,8.75,few clouds
8,Pevek,RU,69.7008,170.3133,22.57,92,100,7.49,overcast clouds
9,Gazojak,TM,41.1875,61.4036,49.96,40,0,3.06,clear sky
10,Hilo,US,19.7297,-155.09,79.29,91,90,5.75,moderate rain
11,Punta Arenas,CL,-53.15,-70.9167,51.91,37,20,34.52,few clouds
12,Bluff,NZ,-46.6,168.3333,47.8,90,100,5.1,overcast clouds
13,Faanui,PF,-16.4833,-151.75,79.14,76,41,13.27,scattered clouds
14,Nanortalik,GL,60.1432,-45.2371,36.37,61,6,2.91,clear sky
15,Rikitea,PF,-23.1203,-134.9692,74.62,80,97,19.73,overcast clouds
16,Sabha,LY,27.0377,14.4283,78.49,13,0,12.06,clear sky
17,Upernavik,GL,72.7868,-56.1549,33.08,98,100,12.64,snow
18,Vaini,TO,-21.2,-175.2,75.36,88,75,4.61,broken clouds
19,Buala,SB,-8.145,159.5921,81.3,80,96,5.14,overcast clouds
20,Mataura,NZ,-46.1927,168.8643,47.48,88,100,2.59,light rain
21,Aljezur,PT,37.3191,-8.8033,66.51,82,100,5.12,overcast clouds
22,Bredasdorp,ZA,-34.5322,20.0403,62.28,88,70,1.14,broken clouds
23,Banjar,ID,-8.19,114.9675,75.06,86,68,6.73,broken clouds
24,Upala,CR,10.8979,-85.0145,90.0,77,45,3.56,scattered clouds
25,Vao,NC,-22.6667,167.4833,69.64,63,4,14.92,clear sky
26,Bilibino,RU,68.0546,166.4372,-1.37,100,93,2.82,overcast clouds
27,Puerto Ayora,EC,-0.7393,-90.3518,76.96,80,67,8.01,broken clouds
28,Qaanaaq,GL,77.484,-69.3632,29.5,89,100,8.43,overcast clouds
29,Pacific Grove,US,36.6177,-121.9166,83.61,72,1,7.0,clear sky
30,Albany,US,42.6001,-73.9662,67.03,77,97,1.01,overcast clouds
31,Sao Domingos,BR,-13.3983,-46.3183,90.01,24,98,1.5,overcast clouds
32,Bira,RU,49.0,132.4667,38.82,84,42,10.02,scattered clouds
33,Hambantota,LK,6.1241,81.1185,79.99,81,100,17.94,overcast clouds
34,Muisne,EC,0.6,-80.0333,77.11,82,100,8.7,overcast clouds
35,Kavieng,PG,-2.5744,150.7967,82.22,75,63,6.98,broken clouds
36,East London,ZA,-33.0153,27.9116,59.86,70,17,17.9,few clouds
37,Pando,UY,-34.7167,-55.95,66.6,72,90,12.66,light rain
38,Jamestown,US,42.097,-79.2353,72.99,71,40,8.99,scattered clouds
39,Port Elizabeth,ZA,-33.918,25.5701,61.09,72,40,18.41,scattered clouds
40,Hasaki,JP,35.7333,140.8333,64.69,73,54,14.85,broken clouds
41,Mokhsogollokh,RU,61.4681,128.9203,37.04,79,100,10.69,overcast clouds
42,Airai,TL,-8.9266,125.4092,60.84,69,100,1.25,overcast clouds
43,Riosucio,CO,5.4216,-75.7032,63.03,95,95,2.21,light rain
44,Kardailovo,RU,51.5386,53.9042,48.88,68,100,2.51,overcast clouds
45,Castro,BR,-24.7911,-50.0119,57.63,93,100,9.22,overcast clouds
46,Belle Fourche,US,44.6714,-103.8522,68.09,26,1,19.86,clear sky
47,Te Anau,NZ,-45.4167,167.7167,42.24,97,100,1.21,moderate rain
48,Lagoa,PT,39.05,-27.9833,71.13,85,100,22.84,overcast clouds
49,Chapais,CA,49.7834,-74.8492,58.78,94,100,7.83,overcast clouds
50,Alofi,NU,-19.0595,-169.9187,75.09,94,90,2.3,overcast clouds
51,Mar Del Plata,AR,-38.0023,-57.5575,59.02,28,20,15.01,few clouds
52,Berlevag,NO,70.8578,29.0864,42.75,81,75,10.36,broken clouds
53,Hatillo,PR,18.4863,-66.8254,87.85,89,34,7.0,scattered clouds
54,Provideniya,RU,64.3833,-173.3,32.11,74,75,6.71,broken clouds
55,Maiduguri,NG,11.8464,13.1603,84.42,25,100,6.96,overcast clouds
56,Koumac,NC,-20.5667,164.2833,73.54,59,0,3.22,clear sky
57,Araripina,BR,-7.5761,-40.4983,85.6,26,92,3.76,overcast clouds
58,Kodiak,US,57.79,-152.4072,45.91,61,1,3.44,clear sky
59,Thompson,CA,55.7435,-97.8558,50.16,81,75,4.61,broken clouds
60,Geraldton,AU,-28.7667,114.6,48.61,93,37,6.91,scattered clouds
61,Tuktoyaktuk,CA,69.4541,-133.0374,30.2,86,90,8.05,light snow
62,Skibbereen,IE,51.55,-9.2667,53.4,87,43,6.26,scattered clouds
63,Chupa,RU,66.27,33.0549,51.94,96,100,6.15,overcast clouds
64,Aden,YE,12.7794,45.0367,87.42,66,97,2.42,overcast clouds
65,Williams Lake,CA,52.1415,-122.1445,44.17,43,75,4.0,broken clouds
66,Hobart,AU,-42.8794,147.3294,43.27,82,20,1.99,few clouds
67,Butaritari,KI,3.0707,172.7902,81.27,69,49,10.71,scattered clouds
68,Poum,NC,-20.2333,164.0167,74.32,64,13,20.13,few clouds
69,College,US,64.8569,-147.8028,37.06,95,90,6.91,mist
70,Yellowknife,CA,62.456,-114.3525,38.41,100,90,14.97,light rain
71,Luderitz,NA,-26.6481,15.1594,71.13,40,9,6.11,clear sky
72,Sidney,AU,-33.8679,151.2073,52.32,93,75,1.01,light rain
73,Cape Town,ZA,-33.9258,18.4232,65.12,85,0,4.61,clear sky
74,Aginskoye,RU,51.1,114.53,35.78,64,0,4.32,clear sky
75,Kathmandu,NP,27.7167,85.3167,68.22,94,20,0.0,few clouds
76,Mount Isa,AU,-20.7333,139.5,67.77,94,90,9.22,overcast clouds
77,Marquette,US,46.5333,-87.6335,71.67,83,100,11.45,overcast clouds
78,Esperance,AU,-33.8667,121.9,53.44,43,100,19.95,overcast clouds
79,Talnakh,RU,69.4865,88.3972,20.79,97,93,5.17,light snow
80,Codrington,AU,-38.2667,141.9667,48.2,71,83,9.86,broken clouds
81,Norman Wells,CA,65.282,-126.8329,32.04,93,75,11.5,broken clouds
82,Yarmouth,US,41.7057,-70.2286,63.45,87,90,5.01,light rain
83,Tigil,RU,57.8,158.6667,31.44,87,54,5.64,broken clouds
84,Sinnamary,GF,5.3833,-52.95,82.78,76,100,10.45,overcast clouds
85,San Quintin,MX,30.4833,-115.95,73.11,54,0,10.67,clear sky
86,Loyga,RU,61.0784,44.6075,47.46,89,100,9.08,overcast clouds
87,Saskylakh,RU,71.9167,114.0833,17.26,96,100,6.91,overcast clouds
88,Amberley,US,39.2048,-84.428,84.34,61,1,1.99,clear sky
89,La Cruz,MX,23.9167,-106.9,87.53,68,46,7.9,scattered clouds
90,Sao Filipe,CV,14.8961,-24.4956,81.03,71,0,5.55,clear sky
91,Egvekinot,RU,66.3167,-179.1667,19.38,86,98,8.68,overcast clouds
92,Kudahuvadhoo,MV,2.6708,72.8944,83.28,74,100,15.46,overcast clouds
93,Kapaa,US,22.0752,-159.319,80.92,69,40,5.99,light rain
94,Saldanha,ZA,-33.0117,17.9442,62.65,60,83,9.53,broken clouds
95,Saint-Denis,FR,48.9167,2.3333,55.18,85,11,1.01,few clouds
96,Iqaluit,CA,63.7506,-68.5145,40.73,70,40,2.3,scattered clouds
97,Klaksvik,FO,62.2266,-6.589,41.92,70,100,18.92,overcast clouds
98,Zhigansk,RU,66.7697,123.3711,33.62,99,100,12.64,light rain
99,Kautokeino,NO,69.0125,23.0412,36.05,97,100,3.89,overcast clouds
100,San Patricio,US,28.017,-97.5169,96.78,58,53,20.87,broken clouds
101,Barrow,US,71.2906,-156.7887,28.42,74,90,8.05,overcast clouds
102,Nadym,RU,65.5333,72.5167,27.73,80,28,9.78,scattered clouds
103,Portland,US,45.5234,-122.6762,60.84,75,75,1.01,broken clouds
104,Los Llanos De Aridane,ES,28.6585,-17.9182,69.55,81,20,16.11,volcanic ash
105,Lebu,CL,-37.6167,-73.65,54.75,74,12,11.74,few clouds
106,Katsuura,JP,35.1333,140.3,71.71,71,77,12.95,broken clouds
107,Solana Beach,US,32.9912,-117.2711,88.9,57,1,1.01,clear sky
108,Kaitangata,NZ,-46.2817,169.8464,52.77,72,100,3.6,light rain
109,Anadyr,RU,64.75,177.4833,21.7,100,75,4.0,light snow
110,Broome,US,42.2506,-75.833,70.38,72,90,1.01,overcast clouds
111,Itambacuri,BR,-18.0311,-41.685,69.66,88,99,4.52,overcast clouds
112,Sisimiut,GL,66.9395,-53.6735,35.76,73,100,6.35,overcast clouds
113,Roma,US,43.2128,-75.4557,74.43,69,90,8.05,overcast clouds
114,Caravelas,BR,-17.7125,-39.2481,73.06,89,100,8.01,overcast clouds
115,Avarua,CK,-21.2078,-159.775,77.05,73,100,9.22,overcast clouds
116,Itarema,BR,-2.9248,-39.9167,79.56,76,8,18.1,clear sky
117,Deputatskiy,RU,69.3,139.9,19.11,85,100,3.74,overcast clouds
118,Clyde River,CA,70.4692,-68.5914,37.63,75,90,5.75,overcast clouds
119,Sola,VU,-13.8833,167.55,79.02,80,68,17.11,broken clouds
120,Catemaco,MX,18.4167,-95.1167,87.55,74,40,1.77,scattered clouds
121,Mahebourg,MU,-20.4081,57.7,71.89,94,75,6.91,light rain
122,Gikongoro,RW,-2.464,29.5739,62.13,80,100,3.31,overcast clouds
123,Ouadda,CF,8.0777,22.4007,71.02,94,89,3.67,light rain
124,Chuy,UY,-33.6971,-53.4616,60.58,78,95,15.61,overcast clouds
125,Kahului,US,20.8947,-156.47,83.46,74,40,21.85,scattered clouds
126,Verkhoyansk,RU,67.5447,133.385,34.09,62,100,5.32,overcast clouds
127,Bacolod,PH,10.6667,122.95,78.62,91,97,18.16,overcast clouds
128,Severo-Kurilsk,RU,50.6789,156.125,47.84,94,100,27.76,moderate rain
129,Nikolskoye,RU,59.7035,30.7861,51.4,68,15,8.52,few clouds
130,Marsh Harbour,BS,26.5412,-77.0636,82.96,61,21,4.97,few clouds
131,Shenkursk,RU,62.1091,42.896,49.75,84,100,9.89,overcast clouds
132,Longyearbyen,SJ,78.2186,15.6401,24.64,80,75,5.75,broken clouds
133,Arraial Do Cabo,BR,-22.9661,-42.0278,66.16,94,90,13.8,light intensity drizzle
134,Antalaha,MG,-14.9003,50.2788,66.54,81,33,7.4,scattered clouds
135,Saint-Philippe,RE,-21.3585,55.7679,71.15,88,8,6.8,clear sky
136,Tasiilaq,GL,65.6145,-37.6368,33.96,57,1,2.84,clear sky
137,Aswan,EG,24.0934,32.907,96.1,21,0,11.5,clear sky
138,Kununurra,AU,-15.7667,128.7333,80.58,69,90,1.14,overcast clouds
139,Busselton,AU,-33.65,115.3333,54.09,73,96,15.12,overcast clouds
140,Santa Maria,BR,-29.6842,-53.8069,76.3,65,20,13.8,few clouds
141,Grand-Lahou,CI,5.1367,-5.0242,78.06,89,99,8.59,overcast clouds
142,Pemba,MZ,-12.974,40.5178,77.7,83,20,11.5,few clouds
143,Port Alfred,ZA,-33.5906,26.891,60.24,70,17,24.7,few clouds
144,Abu Samrah,SY,35.3029,37.1841,73.9,22,44,2.21,scattered clouds
145,Ossora,RU,59.2353,163.0719,33.17,72,13,3.15,few clouds
146,Salalah,OM,17.0151,54.0924,80.69,83,75,5.75,broken clouds
147,Mecca,SA,21.4267,39.8261,86.83,44,2,2.8,clear sky
148,Mezen,RU,65.8522,44.24,44.71,99,100,4.79,overcast clouds
149,Pore,CO,5.7272,-71.9947,79.09,88,100,1.23,overcast clouds
150,Noshiro,JP,40.2039,140.0242,68.05,92,92,15.82,overcast clouds
151,Ponta Do Sol,PT,32.6667,-17.1,73.0,73,15,5.46,few clouds
152,Lata,PT,40.1629,-8.3327,68.07,53,15,4.59,few clouds
153,Dikson,RU,73.5069,80.5464,29.88,66,100,22.55,overcast clouds
154,Coihaique,CL,-45.5752,-72.0662,54.21,58,75,4.61,broken clouds
155,Khatanga,RU,71.9667,102.5,16.52,96,100,5.1,light snow
156,Williston,US,48.147,-103.618,68.58,32,0,5.01,clear sky
157,Bayevo,RU,53.2833,80.7667,43.07,78,100,5.12,overcast clouds
158,Altamira,BR,-3.2033,-52.2064,91.49,62,75,5.75,broken clouds
159,Kruisfontein,ZA,-34.0033,24.7314,52.84,76,41,6.2,scattered clouds
160,Ambo,PE,-10.1308,-76.2047,74.3,55,54,11.07,broken clouds
161,Kalmunai,LK,7.4167,81.8167,80.74,78,97,4.68,overcast clouds
162,Pimentel,PE,-6.8367,-79.9342,68.29,68,0,18.41,clear sky
163,Torbay,CA,47.6666,-52.7314,46.27,76,40,21.85,scattered clouds
164,Dudinka,RU,69.4058,86.1778,23.68,93,100,6.73,overcast clouds
165,Payo,ID,-3.7508,103.6372,76.15,84,100,1.43,light rain
166,Marquard,ZA,-28.6645,27.4305,54.95,35,0,10.07,clear sky
167,Boshnyakovo,RU,49.6333,142.1667,44.01,89,100,25.3,overcast clouds
168,Touros,BR,-5.1989,-35.4608,83.3,76,26,12.86,scattered clouds
169,Grand Gaube,MU,-20.0064,57.6608,72.0,91,98,5.99,light rain
170,Atuona,PF,-9.8,-139.0333,78.46,75,47,19.48,scattered clouds
171,Porbandar,IN,21.6422,69.6093,82.99,75,11,3.24,few clouds
172,Baiyin,CN,36.5583,104.2081,38.28,64,33,2.3,scattered clouds
173,Hithadhoo,MV,-0.6,73.0833,82.67,68,98,13.24,overcast clouds
174,Riyadh,SA,24.6877,46.7219,82.54,16,0,6.6,clear sky
175,Zhangye,CN,38.9342,100.4517,47.23,35,0,3.51,clear sky
176,Isangel,VU,-19.55,169.2667,75.31,73,4,9.22,clear sky
177,Brigantine,US,39.4101,-74.3646,70.05,83,90,16.11,overcast clouds
178,Nelson Bay,AU,-32.7167,152.15,59.76,98,100,1.99,light rain
179,Feijo,BR,-8.1642,-70.3536,92.35,46,90,3.18,overcast clouds
180,Zhaozhou,CN,45.6833,125.3167,40.17,61,0,8.21,clear sky
181,Ambilobe,MG,-13.2,49.05,71.06,68,50,3.31,scattered clouds
182,Constitucion,CL,-35.3333,-72.4167,60.98,60,0,14.79,clear sky
183,Miri,MY,4.4148,114.0089,78.94,100,40,2.3,scattered clouds
184,Sur,OM,22.5667,59.5289,82.71,56,0,7.63,clear sky
185,Grindavik,IS,63.8424,-22.4338,40.95,100,75,2.3,broken clouds
186,Hermanus,ZA,-34.4187,19.2345,64.9,67,98,7.85,overcast clouds
187,Tiksi,RU,71.6872,128.8694,29.01,98,100,6.44,light snow
188,Komsomolskiy,UZ,40.4272,71.7189,45.32,81,24,6.91,few clouds
189,Cherskiy,RU,68.75,161.3,0.46,98,87,5.55,overcast clouds
190,Valday,RU,57.9747,33.2525,40.8,75,12,7.16,few clouds
191,Santacruz,CO,1.5209,-77.2621,67.32,78,99,6.51,moderate rain
192,Anshun,CN,26.25,105.9333,56.48,94,100,9.08,overcast clouds
193,Kiruna,SE,67.8557,20.2251,43.72,93,90,3.44,overcast clouds
194,Kita,ML,13.0349,-9.4895,76.98,73,100,4.16,overcast clouds
195,Watertown,US,42.3709,-71.1828,63.72,80,90,4.0,overcast clouds
196,Mozhaysk,RU,55.5019,36.0272,37.51,77,17,4.63,few clouds
197,Traverse City,US,44.7631,-85.6206,75.27,75,90,11.5,overcast clouds
198,Banda Aceh,ID,5.5577,95.3222,79.16,81,33,15.26,scattered clouds
199,Kyra,RU,49.5776,111.9753,32.2,71,6,2.35,clear sky
200,Sao Jose Da Coroa Grande,BR,-8.8978,-35.1478,78.6,74,26,8.57,scattered clouds
201,Ust-Barguzin,RU,53.45,108.9833,36.05,78,1,4.47,clear sky
202,Wittmund,DE,53.5667,7.7833,54.03,94,75,3.44,broken clouds
203,Luan,CH,46.3592,6.9759,41.56,87,0,4.14,clear sky
204,Georgetown,MY,5.4112,100.3354,79.9,88,20,0.0,few clouds
205,Pisco,PE,-13.7,-76.2167,68.05,68,0,6.91,clear sky
206,Olafsvik,IS,64.8945,-23.7142,40.15,60,24,0.83,few clouds
207,Carnarvon,AU,-24.8667,113.6333,62.67,82,0,14.97,clear sky
208,Ribeira Grande,PT,38.5167,-28.7,73.8,88,40,16.11,scattered clouds
209,Shimoda,JP,34.6667,138.95,68.11,81,10,7.05,clear sky
210,Cap Malheureux,MU,-19.9842,57.6142,72.09,91,98,5.99,light rain
211,Port Macquarie,AU,-31.4333,152.9167,62.89,100,90,1.14,light rain
212,Ahipara,NZ,-35.1667,173.1667,58.87,64,84,6.89,broken clouds
213,Qarqin,AF,37.4185,66.0436,49.12,33,0,1.86,clear sky
214,Kloulklubed,PW,7.0419,134.2556,73.9,74,94,12.24,overcast clouds
215,Honiara,SB,-9.4333,159.95,81.84,79,96,1.59,overcast clouds
216,Mathbaria,BD,22.2876,89.9593,78.48,86,69,5.1,broken clouds
217,Innisfail,AU,-17.5333,146.0333,67.89,84,0,3.58,clear sky
218,Ilebo,CD,-4.3167,20.5833,72.54,96,100,2.75,light rain
219,Port-Cartier,CA,50.0334,-66.8654,53.82,83,62,1.7,broken clouds
220,Margate,GB,51.3813,1.3862,56.95,78,92,1.99,overcast clouds
221,Omboue,GA,-1.5746,9.2618,77.56,83,100,4.76,overcast clouds
222,Morant Bay,JM,17.8815,-76.4093,87.42,65,26,6.67,scattered clouds
223,Karpogory,RU,64.0019,44.4451,49.37,92,100,11.7,light rain
224,Belaya Gora,RU,68.5333,146.4167,19.27,74,100,3.67,overcast clouds
225,Old Saybrook,US,41.2918,-72.3762,65.03,92,90,5.75,overcast clouds
226,Nouadhibou,MR,20.931,-17.0347,69.78,83,0,16.11,clear sky
227,Marovoay,MG,-16.1,46.6333,73.54,65,0,5.44,clear sky
228,Bac Lieu,VN,9.285,105.7244,79.3,86,100,11.74,overcast clouds
229,Kamaishi,JP,39.2667,141.8833,66.18,94,76,11.25,broken clouds
230,Lompoc,US,34.6391,-120.4579,85.21,54,1,13.8,clear sky
231,Minab,IR,27.1467,57.0801,83.7,20,0,12.44,clear sky
232,Mechetinskaya,RU,46.7713,40.456,52.99,42,7,3.8,clear sky
233,Lincoln,US,40.8,-96.667,68.07,56,1,1.99,clear sky
234,Weligama,LK,5.9667,80.4167,78.55,87,80,12.73,broken clouds
235,Xucheng,CN,20.35,110.1288,75.9,88,100,10.31,light rain
236,Kedrovyy,RU,56.1667,91.8167,36.01,99,100,2.68,light rain
237,Jamame,SO,0.0722,42.7506,77.31,88,6,12.39,clear sky
238,Bambanglipuro,ID,-7.95,110.2833,76.35,84,90,5.97,overcast clouds
239,Bambous Virieux,MU,-20.3428,57.7575,71.85,94,75,6.91,light rain
240,Mutis,CO,6.2262,-77.4044,80.64,82,100,11.97,light rain
241,Buzmeyin,TM,38.0507,58.2056,46.13,39,22,2.3,few clouds
242,San Cristobal,VE,7.7669,-72.225,80.78,84,81,1.3,broken clouds
243,Sechura,PE,-5.5569,-80.8222,76.17,62,29,16.46,scattered clouds
244,Chilca,PE,-12.5211,-76.7372,64.85,85,78,7.47,broken clouds
245,Languyan,PH,5.2618,120.0807,80.01,84,99,5.19,heavy intensity rain
246,Binzhou,CN,37.3667,118.0167,49.06,64,21,7.83,light rain
247,Camacha,PT,33.0833,-16.3333,69.53,73,20,11.5,few clouds
248,Rosita,NI,13.9268,-84.4032,86.67,63,48,5.1,scattered clouds
249,Furstenwalde,DE,52.3667,14.0667,51.39,62,85,5.95,overcast clouds
250,Hailar,CN,49.2,119.7,36.19,76,0,9.46,clear sky
251,Mehriz,IR,31.5917,54.4318,57.7,32,0,2.55,clear sky
252,Sajanan,TN,37.0573,9.2426,67.12,67,0,3.8,clear sky
253,Sirtich,RU,41.8321,48.228,54.93,80,77,2.75,broken clouds
254,Pilibanga,IN,29.4916,74.079,84.63,29,0,8.25,clear sky
255,Karratha,AU,-20.7377,116.8463,72.73,36,8,5.57,clear sky
256,Broken Hill,AU,-31.95,141.4333,42.51,81,46,10.36,scattered clouds
257,Okahandja,NA,-21.9833,16.9167,77.83,9,3,17.07,clear sky
258,Siavonga,ZM,-16.5382,28.7088,88.09,33,63,8.9,broken clouds
259,Porto Velho,BR,-8.7619,-63.9039,95.05,43,20,5.75,few clouds
260,Haimen,CN,23.1935,116.6142,76.89,77,79,7.02,broken clouds
261,Husavik,IS,66.0449,-17.3389,35.51,97,100,1.32,overcast clouds
262,Manggar,ID,-2.8833,108.2667,80.92,83,100,7.11,moderate rain
263,Raudeberg,NO,61.9875,5.1352,48.2,95,100,3.0,overcast clouds
264,Peterhead,GB,57.5058,-1.7981,52.72,79,35,19.57,scattered clouds
265,Plerin,FR,48.5425,-2.7798,60.44,88,90,5.99,overcast clouds
266,Kayerkan,RU,69.3497,87.7602,21.11,95,100,5.35,overcast clouds
267,Ripoll,ES,42.2006,2.1903,56.26,88,25,3.58,scattered clouds
268,Malartic,CA,48.1335,-78.1328,62.42,98,100,8.25,overcast clouds
269,Aranos,NA,-24.1333,19.1167,65.16,15,0,9.44,clear sky
270,Quelimane,MZ,-17.8786,36.8883,76.95,83,40,11.5,light rain
271,Flagstaff,US,35.1981,-111.6513,64.56,31,1,5.01,clear sky
272,Laela,TZ,-8.5667,32.05,69.96,31,85,4.21,overcast clouds
273,Wuchang,CN,44.9143,127.15,39.83,70,0,6.89,clear sky
274,Ravar,IR,31.2656,56.8055,58.06,28,0,1.07,clear sky
275,Henties Bay,NA,-22.116,14.2845,60.85,67,0,4.43,clear sky
276,Dunedin,NZ,-45.8742,170.5036,53.92,68,100,2.98,light rain
277,Kostinbrod,BG,42.8167,23.2167,50.07,96,100,7.43,overcast clouds
278,Dingle,PH,10.9995,122.6711,76.73,92,93,9.51,moderate rain
279,Bethel,US,41.3712,-73.414,64.49,89,90,1.99,overcast clouds
280,Oktyabrskoye,RU,43.0645,44.7417,42.94,93,37,2.24,scattered clouds
281,Xiongzhou,CN,25.1167,114.3,72.9,82,94,7.27,overcast clouds
282,Krasnoyarsk,RU,56.0097,92.7917,37.8,97,100,3.02,light rain
283,Port Hawkesbury,CA,45.6169,-61.3485,59.92,67,1,3.0,clear sky
284,Sitka,US,57.0531,-135.33,48.09,76,20,5.75,light rain
285,Sangueya,GN,10.7,-14.3667,77.58,90,98,3.04,overcast clouds
286,Victoria,HK,22.2855,114.1577,81.32,87,100,5.99,overcast clouds
287,Brae,GB,60.3964,-1.353,49.91,80,32,25.5,scattered clouds
288,Mpika,ZM,-11.8343,31.4529,68.05,38,45,4.85,scattered clouds
289,Lebanon,US,36.2081,-86.2911,86.13,57,1,8.05,clear sky
290,Neryungri,RU,56.6709,124.6491,26.87,82,70,5.64,broken clouds
291,Krasnoselkup,RU,65.7,82.4667,25.63,78,50,11.68,scattered clouds
292,Guerrero Negro,MX,27.9769,-114.0611,79.68,46,0,12.5,clear sky
293,Kaffrine,SN,14.1059,-15.5508,81.66,75,74,9.46,broken clouds
294,Susaki,JP,33.3667,133.2833,73.85,91,96,3.22,overcast clouds
295,Yumen,CN,40.2833,97.2,37.69,23,1,11.63,clear sky
296,Yulara,AU,-25.2406,130.9889,53.44,71,2,9.22,clear sky
297,Vardo,NO,70.3705,31.1107,44.58,87,75,5.75,broken clouds
298,Burriana,ES,39.889,-0.085,69.94,79,42,4.03,scattered clouds
299,Nosy Varika,MG,-20.5833,48.5333,67.98,89,5,5.53,clear sky
300,Kattivakkam,IN,13.2167,80.3167,80.69,80,96,5.35,overcast clouds
301,Belmonte,BR,-15.8631,-38.8828,77.0,90,79,8.93,broken clouds
302,Iglesias,IT,39.3114,8.535,62.78,70,0,4.56,clear sky
303,Taltal,CL,-25.4,-70.4833,67.32,50,12,4.85,few clouds
304,Taga,RO,46.95,24.05,45.32,46,100,2.42,overcast clouds
305,Lavrentiya,RU,65.5833,-171.0,28.96,80,30,2.77,scattered clouds
306,Aklavik,CA,68.2191,-135.0107,30.92,78,100,9.31,overcast clouds
307,Vestmannaeyjar,IS,63.4427,-20.2734,43.23,71,60,14.9,broken clouds
308,Jatai,BR,-17.8814,-51.7144,70.74,81,100,10.11,moderate rain
309,Kavaratti,IN,10.5669,72.642,82.09,81,98,14.65,overcast clouds
310,Anloga,GH,5.7947,0.8973,79.02,83,35,12.15,scattered clouds
311,Tautira,PF,-17.7333,-149.15,84.22,76,69,8.39,broken clouds
312,Saint-Georges,GD,12.0564,-61.7485,85.68,84,40,12.66,scattered clouds
313,Ostrovnoy,RU,68.0531,39.5131,42.62,94,100,3.13,overcast clouds
314,Zaysan,KZ,47.4667,84.8667,44.58,48,100,6.17,overcast clouds
315,Manbij,SY,36.5281,37.9549,61.57,21,0,6.13,clear sky
316,Nalbach,DE,49.3833,6.7833,44.15,85,19,1.86,few clouds
317,Saint-Augustin,CA,51.226,-58.6502,51.78,61,59,5.64,broken clouds
318,Hihya,EG,30.6713,31.588,74.28,79,0,6.51,clear sky
319,Mulege,MX,26.8833,-111.9833,86.36,30,0,13.78,clear sky
320,Sorland,NO,67.667,12.6934,46.47,80,100,6.87,overcast clouds
321,Alamogordo,US,32.8995,-105.9603,72.41,30,40,1.01,scattered clouds
322,Sabang,ID,5.8933,95.3214,82.17,79,60,24.32,broken clouds
323,Liverpool,GB,53.4106,-2.9779,57.15,80,75,1.01,broken clouds
324,Bela Vista,BR,-22.1089,-56.5211,72.61,93,85,3.04,overcast clouds
325,Marawi,PH,7.9986,124.2928,65.64,93,91,7.2,overcast clouds
326,Billings,US,45.7833,-108.5007,67.37,31,75,23.02,broken clouds
327,Arman,RU,59.7,150.1667,27.9,62,0,9.06,clear sky
328,Nantucket,US,41.2835,-70.0995,62.96,87,100,22.62,overcast clouds
329,Saint George,US,37.1041,-113.5841,72.07,32,1,3.0,clear sky
330,Baykit,RU,61.67,96.37,23.56,83,83,6.58,broken clouds
331,Antipino,RU,57.1068,65.7576,26.89,72,53,2.64,broken clouds
332,Kirakira,SB,-10.4544,161.9205,78.62,84,90,3.4,overcast clouds
333,Kassala,SD,15.451,36.4,88.5,43,100,4.85,overcast clouds
334,Gat,IL,31.61,34.7642,74.39,64,0,5.53,clear sky
335,Carauari,BR,-4.8828,-66.8958,88.36,57,80,3.67,broken clouds
336,Flinders,AU,-34.5833,150.8552,51.21,86,100,4.0,overcast clouds
337,Leningradskiy,RU,69.3833,178.4167,19.51,90,100,4.47,overcast clouds
338,Salme,NP,28.0369,85.0942,62.89,82,1,5.35,clear sky
339,Kamenka,RU,51.3223,42.7678,43.92,57,0,5.01,clear sky
340,Kaeo,NZ,-35.1,173.7833,56.32,87,15,3.56,few clouds
341,Lewistown,US,40.5992,-77.5714,69.46,88,90,4.61,overcast clouds
342,Puerto Quijarro,BO,-17.7833,-57.7667,98.58,32,48,5.17,scattered clouds
343,Vostok,RU,46.4856,135.8833,37.0,88,100,14.92,overcast clouds
344,Homburg,DE,49.3167,7.3333,45.36,80,0,3.44,clear sky
345,Daru,PG,-9.0763,143.2092,78.33,81,100,9.26,overcast clouds
346,Whitianga,NZ,-36.8333,175.7,60.03,61,17,8.41,few clouds
347,Bandarbeyla,SO,9.4942,50.8122,78.69,88,87,20.13,overcast clouds
348,Alta Floresta,BR,-9.8756,-56.0861,93.02,49,20,6.91,few clouds
349,Sukumo,JP,32.9333,132.7333,73.63,94,72,4.85,broken clouds
350,Pa Daet,TH,19.5049,99.9924,73.42,98,100,2.51,overcast clouds
351,Fort Morgan,US,40.2503,-103.8,70.45,21,40,12.66,scattered clouds
352,Cabedelo,BR,-6.9811,-34.8339,81.27,75,32,10.09,scattered clouds
353,Cidreira,BR,-30.1811,-50.2056,65.25,78,100,19.39,overcast clouds
354,Wasilla,US,61.5814,-149.4394,47.79,84,40,4.61,scattered clouds
355,Sibolga,ID,1.7427,98.7792,75.76,89,100,3.04,overcast clouds
356,Beringovskiy,RU,63.05,179.3167,29.48,87,99,12.8,light snow
357,Kargil,IN,34.5667,76.1,39.54,42,10,6.71,clear sky
358,Bandundu,CD,-3.3167,17.3667,75.09,92,96,1.32,moderate rain
359,San Fernando,PH,15.0286,120.6898,81.14,94,94,3.85,overcast clouds
360,Mantua,IT,45.1667,10.7833,54.7,79,0,5.41,clear sky
361,Tura,IN,25.5198,90.2201,73.76,86,5,3.67,clear sky
362,Panjab,AF,34.388,67.0233,30.18,54,0,5.59,clear sky
363,Klichka,RU,50.4457,117.996,33.44,70,0,4.34,clear sky
364,Dolni Benesov,CZ,49.921,18.1084,47.98,95,75,2.57,broken clouds
365,Limbazi,LV,57.5129,24.7194,44.04,73,29,6.87,scattered clouds
366,Luxor,EG,25.6989,32.6421,86.05,28,0,3.44,clear sky
367,Laminusa,PH,5.5549,120.9136,83.68,75,93,10.49,overcast clouds
368,Shache,CN,38.4167,77.2406,47.91,43,88,2.71,overcast clouds
369,Mackenzie,CA,55.2999,-123.1698,44.82,49,20,6.91,few clouds
370,Qostanay,KZ,53.1667,63.5833,37.11,80,92,4.72,overcast clouds
371,Dakar,SN,14.6937,-17.4441,82.53,78,40,2.3,scattered clouds
372,Ville-Marie,CA,47.3335,-79.433,64.4,90,100,8.28,overcast clouds
373,Pakhni,GR,41.3,24.9,54.55,91,100,7.58,overcast clouds
374,Dobson,US,36.3957,-80.7226,77.18,71,34,11.5,scattered clouds
375,Sterling,US,39.0062,-77.4286,73.02,87,90,1.01,overcast clouds
376,Tessalit,ML,20.1986,1.0114,87.03,10,93,7.78,overcast clouds
377,Udachnyy,RU,66.4167,112.4,22.96,91,100,18.66,overcast clouds
378,Matagami,CA,49.7502,-77.6328,60.91,100,90,9.22,overcast clouds
379,Kozhva,RU,65.1073,57.0459,30.07,89,100,11.21,overcast clouds
380,Winder,US,33.9926,-83.7202,83.95,60,1,0.0,clear sky
381,Axim,GH,4.8699,-2.2405,77.25,88,100,7.67,light rain
382,Brokopondo,SR,4.75,-55.1667,86.56,62,86,1.34,overcast clouds
383,Chara,RU,56.9064,118.2631,26.8,68,20,3.38,few clouds
384,Barsovo,RU,61.1667,73.1667,30.33,68,8,6.46,clear sky
385,Peace River,CA,56.2501,-117.286,48.51,49,75,12.66,broken clouds
386,Springbok,ZA,-29.6643,17.8865,67.12,13,6,10.92,clear sky
387,Ilulissat,GL,69.2167,-51.1,33.82,80,40,3.44,light intensity shower rain
388,Tyukalinsk,RU,55.8732,72.1967,30.04,74,92,6.62,overcast clouds
389,Astoria,US,46.1879,-123.8313,58.01,72,40,1.01,scattered clouds
390,Gigmoto,PH,13.7796,124.39,81.01,85,95,11.9,overcast clouds
391,Concordia,AR,-31.393,-58.0209,66.27,100,90,3.0,thunderstorm with rain
392,Seoul,KR,37.5683,126.9778,58.39,82,75,4.61,light rain
393,Malanje,AO,-9.5402,16.341,72.61,59,48,4.32,scattered clouds
394,Sungairaya,ID,0.7,108.9,79.83,87,100,4.92,overcast clouds
395,Tual,ID,-5.6667,132.75,82.22,76,100,2.3,overcast clouds
396,Bathsheba,BB,13.2167,-59.5167,81.21,89,75,14.97,broken clouds
397,Teguise,ES,29.0605,-13.564,70.02,68,40,13.8,scattered clouds
398,Russell,US,32.3502,-85.1999,83.48,55,40,3.44,scattered clouds
399,Popondetta,PG,-8.7537,148.2534,72.72,98,100,2.1,light rain
400,Sibuco,PH,7.2911,122.0656,80.33,81,99,12.86,moderate rain
401,Waitati,NZ,-45.75,170.5667,56.12,61,100,1.54,moderate rain
402,Padang,ID,-0.9492,100.3543,75.07,95,100,1.59,light rain
403,Tancanhuitz,MX,21.6,-98.9667,85.48,72,23,5.57,few clouds
404,Quang Ngai,VN,15.1167,108.8,75.96,93,97,3.96,overcast clouds
405,Waingapu,ID,-9.6567,120.2641,75.0,75,58,3.78,broken clouds
406,Gravdal,NO,68.1214,13.5031,46.08,100,75,2.3,broken clouds
407,Goundam,ML,16.4145,-3.6708,94.24,10,3,7.92,clear sky
408,Imeni Poliny Osipenko,RU,52.4201,136.4853,39.15,86,100,19.75,overcast clouds
409,Port Lincoln,AU,-34.7333,135.8667,50.47,63,3,8.88,clear sky
410,Srednekolymsk,RU,67.45,153.6833,7.47,95,28,3.02,scattered clouds
411,Sambava,MG,-14.2667,50.1667,68.76,80,44,10.45,scattered clouds
412,Jumla,NP,29.2747,82.1838,50.7,78,1,4.94,clear sky
413,Palmer,US,42.1584,-72.3287,63.95,70,90,1.99,overcast clouds
414,Faya,SA,18.3851,42.4509,68.11,29,34,11.3,scattered clouds
415,Haicheng,CN,40.8516,122.7475,44.55,62,0,2.77,clear sky
416,Saint-Leu,RE,-21.15,55.2833,70.63,75,0,3.42,clear sky
417,Tromso,NO,69.6496,18.957,46.42,93,75,9.22,broken clouds
418,Fukue,JP,32.6881,128.8419,77.56,74,13,2.64,few clouds
419,Bundibugyo,UG,0.7414,30.0417,68.38,91,98,3.53,overcast clouds
420,Dubovka,RU,49.0583,44.829,40.15,55,57,3.71,broken clouds
421,Agrij,RO,47.0667,23.1333,44.26,50,100,5.77,overcast clouds
422,Maridi,SS,4.9158,29.4742,67.93,94,100,3.18,light rain
423,Urengoy,RU,65.9667,78.3667,26.74,72,39,10.63,scattered clouds
424,Biak,ID,-0.9131,122.8766,76.86,86,100,7.09,overcast clouds
425,Alice Springs,AU,-23.7,133.8833,53.15,100,90,8.05,overcast clouds
426,La Ronge,CA,55.1001,-105.2842,53.85,40,75,1.14,broken clouds
427,Hangu,CN,39.2489,117.7892,48.24,56,98,8.32,light rain
428,Saint Anthony,US,45.0205,-93.218,71.8,61,90,5.99,overcast clouds
429,Faranah,GN,10.0404,-10.7434,73.17,93,100,3.29,overcast clouds
430,Quatre Cocos,MU,-20.2078,57.7625,71.71,92,96,8.08,light rain
431,Punta Alta,AR,-38.8759,-62.0736,67.8,49,9,7.05,clear sky
432,Tartagal,AR,-22.5164,-63.8013,70.16,68,87,4.9,overcast clouds
433,Amahai,ID,-3.3333,128.9167,78.31,86,100,2.93,overcast clouds
434,Fortuna,US,40.5982,-124.1573,68.41,62,86,5.01,overcast clouds
435,Salinopolis,BR,-0.6136,-47.3561,82.99,71,75,13.87,broken clouds
436,Pucallpa,PE,-8.3791,-74.5539,91.44,52,75,5.75,broken clouds
437,Catamarca,AR,-28.4696,-65.7852,83.05,37,54,10.25,broken clouds
438,Preston,GB,53.7667,-2.7167,57.02,82,96,10.56,overcast clouds
439,Ismailia,EG,30.6043,32.2723,70.43,80,0,7.99,clear sky
440,Coahuayana,MX,18.7333,-103.6833,94.48,69,100,4.83,overcast clouds
441,Half Moon Bay,US,37.4636,-122.4286,81.59,61,1,0.0,clear sky
442,Hauterive,FR,46.0901,3.4459,50.76,89,2,1.25,clear sky
443,Santa Isabel Do Rio Negro,BR,-0.4139,-65.0192,94.3,44,47,5.23,scattered clouds
444,Atbasar,KZ,51.8,68.3333,36.28,75,94,8.32,overcast clouds
445,Taoudenni,ML,22.6783,-3.9836,94.93,9,59,8.72,broken clouds
446,Rawson,AR,-43.3002,-65.1023,74.88,29,34,14.25,scattered clouds
447,Arinos,BR,-15.9169,-46.1056,85.37,45,89,9.91,overcast clouds
448,Concepcion Del Uruguay,AR,-32.4825,-58.2372,69.98,77,100,4.0,overcast clouds
449,Tonj,SS,7.2737,28.6822,72.41,94,99,4.16,overcast clouds
450,Almaznyy,RU,48.0448,40.045,48.34,58,8,7.34,clear sky
451,Haines Junction,CA,60.7522,-137.5108,35.55,69,26,3.44,scattered clouds
452,Saint-Joseph,RE,-21.3667,55.6167,70.16,84,3,6.55,clear sky
453,Alice,US,27.7523,-98.0697,96.69,47,20,19.57,few clouds
454,La Rioja,ES,42.25,-2.5,51.04,92,100,3.87,overcast clouds
455,Namibe,AO,-15.1961,12.1522,68.54,87,71,5.82,broken clouds
456,Pankrushikha,RU,53.8319,80.3406,40.39,92,100,2.39,light rain
457,Sept-Iles,CA,50.2001,-66.3821,54.12,79,75,5.75,broken clouds
458,Labytnangi,RU,66.6572,66.4183,27.1,87,12,5.79,few clouds
459,Malindi,KE,-3.2175,40.1191,77.13,87,12,14.5,few clouds
460,Shahr-E Babak,IR,30.1165,55.1186,56.48,28,0,5.75,clear sky
461,Okha,RU,53.5739,142.9478,46.33,98,100,0.78,overcast clouds
462,Conceicao Do Araguaia,BR,-8.2578,-49.2647,87.39,44,100,2.77,overcast clouds
463,Mozarlandia,BR,-14.7447,-50.5706,90.18,35,100,3.85,light rain
464,Yar-Sale,RU,66.8333,70.8333,27.46,81,38,9.6,scattered clouds
465,Araouane,ML,18.9048,-3.5265,91.92,9,100,9.22,overcast clouds
466,Pangnirtung,CA,66.1451,-65.7125,30.2,100,90,5.75,fog
467,Hofn,IS,64.2539,-15.2082,42.51,69,62,12.08,broken clouds
468,Halifax,CA,44.6453,-63.5724,62.49,65,100,1.01,overcast clouds
469,Oranjemund,NA,-28.55,16.4333,73.0,32,6,4.74,clear sky
470,Jacareacanga,BR,-6.2222,-57.7528,92.46,43,92,2.13,overcast clouds
471,Paramonga,PE,-10.6667,-77.8333,66.61,81,44,10.83,scattered clouds
472,Champerico,GT,14.3,-91.9167,87.76,76,100,10.89,overcast clouds
473,Chapleau,CA,47.8405,-83.4034,64.49,88,90,5.75,overcast clouds
474,Altay,CN,47.8667,88.1167,37.06,44,91,5.14,overcast clouds
475,Naucalpan,MX,19.4785,-99.2396,82.04,27,20,3.44,few clouds
476,Ahuimanu,US,21.4447,-157.8378,83.91,64,75,23.02,broken clouds
477,Bosaso,SO,11.2842,49.1816,86.07,63,82,1.54,broken clouds
478,Atar,MR,20.5169,-13.0499,88.3,18,1,4.83,clear sky
479,Namatanai,PG,-3.6667,152.4333,79.11,80,27,3.0,scattered clouds
480,Kidal,ML,18.4411,1.4078,87.8,9,100,10.45,overcast clouds
481,Baculin,PH,7.4525,126.5842,80.87,68,100,5.21,light rain
482,Teacapan,MX,22.55,-105.75,87.69,69,98,8.66,overcast clouds
483,Coquimbo,CL,-29.9533,-71.3436,65.93,36,0,18.41,clear sky
484,Sainte-Anne-Des-Monts,CA,49.124,-66.4924,53.47,71,91,11.5,overcast clouds
485,Luanda,AO,-8.8368,13.2343,75.2,78,40,9.22,scattered clouds
486,Ascension,US,30.2169,-90.9001,87.8,55,40,10.36,scattered clouds
487,Rocky Mountain House,CA,52.3668,-114.9188,39.83,87,100,11.5,overcast clouds
488,Tabatinga,BR,-4.2525,-69.9381,91.49,62,40,1.14,scattered clouds
489,Aksarka,RU,66.5606,67.7975,26.62,86,15,6.08,few clouds
490,Sembakung,ID,3.8167,117.25,80.53,99,100,1.95,overcast clouds
491,Ushibuka,JP,32.1906,130.0228,75.25,79,6,7.74,clear sky
492,Bulgan,MN,48.8125,103.5347,35.69,50,2,2.1,clear sky
493,Raga,SS,8.4596,25.678,73.06,87,98,4.97,overcast clouds
494,Maroantsetra,MG,-15.4333,49.7333,66.42,84,43,3.98,scattered clouds
495,Ada,US,43.4166,-116.1262,63.34,35,90,5.01,overcast clouds
496,Hagen,DE,51.35,7.4667,50.86,85,87,3.38,overcast clouds
497,Pyaozerskiy,RU,65.8333,31.1667,51.66,97,100,7.16,overcast clouds
498,Souillac,MU,-20.5167,57.5167,71.98,94,75,6.91,light rain
499,Palauig,PH,15.435,119.9045,81.27,87,100,16.35,overcast clouds
500,Shebalino,RU,51.2917,85.6772,40.46,53,100,6.62,overcast clouds
501,Tiarei,PF,-17.5333,-149.3333,84.0,75,52,8.81,broken clouds
502,Galveston,US,29.3669,-94.9669,89.13,73,75,8.01,broken clouds
503,Chaman,PK,30.9236,66.4512,53.31,21,0,5.21,clear sky
504,Korla,CN,41.7597,86.1469,47.08,42,58,3.04,broken clouds
505,Nampula,MZ,-15.1165,39.2666,75.15,64,0,12.66,clear sky
506,Chicama,PE,-7.8447,-79.1469,59.54,65,37,10.09,scattered clouds
507,Nome,US,64.5011,-165.4064,34.16,80,75,3.44,broken clouds
508,Uusikaupunki,FI,60.8004,21.4084,52.32,79,100,18.34,overcast clouds
509,Hokitika,NZ,-42.7167,170.9667,53.96,81,100,9.08,moderate rain
510,Along,IN,28.1667,94.7667,70.41,92,27,2.01,scattered clouds
511,Conchas,BR,-23.0153,-48.0106,64.98,85,100,10.4,heavy intensity rain
512,Ranfurly,NZ,-45.1333,170.1,48.07,58,100,4.41,light rain
513,Huarmey,PE,-10.0681,-78.1522,67.82,80,65,9.93,broken clouds
514,Tome,CL,-36.6167,-72.95,56.01,69,0,6.93,clear sky
515,Baglung,NP,28.2719,83.5898,63.73,88,10,4.72,clear sky
516,Houma,US,29.5958,-90.7195,87.01,67,0,10.31,clear sky
517,Gizo,SB,-8.103,156.8419,81.72,80,81,8.81,broken clouds
518,Asau,RO,46.4333,26.4,41.76,47,23,2.28,light rain
519,Datong,CN,40.0936,113.2914,40.91,40,0,3.38,clear sky
520,Blythe,US,33.6103,-114.5964,84.65,15,1,16.11,clear sky
521,Mandalgovi,MN,45.7625,106.2708,35.04,39,0,9.31,clear sky
522,Hay River,CA,60.8156,-115.7999,39.18,75,75,17.27,broken clouds
523,Sri Aman,MY,1.2376,111.4621,73.45,94,100,0.0,light rain
524,Lugovoy,KZ,42.9472,72.7644,40.39,64,53,7.0,broken clouds
525,Tecoanapa,MX,16.5167,-98.75,84.76,70,7,7.61,clear sky
526,Lorengau,PG,-2.0226,147.2712,81.48,75,99,3.2,overcast clouds
527,Sao Simao,BR,-21.4792,-47.5508,69.03,96,100,3.11,light rain
528,Santa Cruz,BO,-17.8,-63.1667,95.05,46,40,16.11,scattered clouds
529,Biertan,RO,46.1333,24.5167,52.36,40,84,10.31,light rain
530,Roald,NO,62.5833,6.1333,51.17,81,75,10.36,broken clouds
531,Nein,IL,32.6306,35.3489,66.56,66,3,3.06,clear sky
532,Staroye Drozhzhanoye,RU,54.7266,47.5677,45.12,80,100,5.3,overcast clouds
533,Edmundston,CA,47.3737,-68.3251,59.23,67,1,4.61,clear sky
534,Mamallapuram,IN,12.6264,80.1722,80.65,78,100,5.79,overcast clouds
535,Amapa,BR,1.0,-52.0,73.53,90,93,3.89,overcast clouds
536,Port Keats,AU,-14.25,129.55,81.19,77,98,8.97,overcast clouds
537,Biskamzha,RU,53.4497,89.5272,36.03,76,100,4.5,overcast clouds
538,Canillo,AD,42.5833,1.6667,42.6,53,7,3.27,clear sky
539,Ostersund,SE,63.1792,14.6357,43.25,100,75,9.22,broken clouds
540,Hinatuan,PH,8.3722,126.3342,78.46,79,100,5.26,overcast clouds
541,Olovo,BA,44.13,18.5828,42.75,100,100,2.59,overcast clouds
542,Contamana,PE,-7.3333,-75.0167,94.69,39,93,2.95,overcast clouds
543,Vila Franca Do Campo,PT,37.7167,-25.4333,70.21,88,100,10.11,overcast clouds
544,Cayenne,GF,4.9333,-52.3333,86.04,76,0,3.0,clear sky
545,Bam,IR,29.106,58.357,66.09,18,2,8.21,clear sky
546,Ashqelon,IL,31.6693,34.5715,75.4,63,0,8.01,clear sky
547,Tuy Hoa,VN,13.0833,109.3,76.96,91,100,5.77,overcast clouds
548,Nanakuli,US,21.3906,-158.1547,84.15,64,20,14.97,few clouds
549,Lisakovsk,KZ,52.5369,62.4936,40.86,89,100,4.52,overcast clouds
550,Mountain Home,US,43.133,-115.6912,60.28,29,20,9.22,few clouds
551,Barcelos,PT,41.5388,-8.6151,70.92,45,73,6.04,broken clouds
552,Pisa,IT,43.7155,10.3966,56.05,67,0,3.44,clear sky
553,Kerman,IR,30.2832,57.0788,55.26,38,0,4.61,clear sky
554,Liuzhou,CN,24.3126,109.3892,67.55,80,100,16.08,overcast clouds
555,Ancud,CL,-41.8697,-73.8203,55.42,77,100,8.08,overcast clouds
556,Tarakan,ID,3.3,117.6333,80.1,89,40,6.91,scattered clouds
557,Baft,IR,29.234,56.6057,56.79,36,0,4.29,clear sky
558,Labrea,BR,-7.2586,-64.7981,95.41,36,70,4.16,broken clouds
559,Dom Pedrito,BR,-30.9828,-54.6731,65.08,95,100,6.11,overcast clouds
560,Kerema,PG,-7.9631,145.7785,75.33,90,100,8.99,overcast clouds
561,Fort Nelson,CA,58.8053,-122.7002,44.19,57,75,11.5,shower rain
562,Yining,CN,29.0361,114.5636,60.71,88,100,4.56,overcast clouds
563,Garowe,SO,8.4054,48.4845,82.54,55,97,11.99,overcast clouds
564,Ayna,PE,-12.65,-73.9167,88.3,67,84,3.91,broken clouds
565,Hare Bay,CA,48.8499,-54.0148,43.95,74,11,12.33,few clouds
566,Finnsnes,NO,69.2296,17.9811,47.75,93,100,4.38,overcast clouds
567,Eyl,SO,7.9803,49.8164,78.55,87,62,17.31,broken clouds
568,San Carlos De Bariloche,AR,-41.1456,-71.3082,62.35,31,20,27.63,few clouds
569,Gornyak,RU,50.9942,81.4661,45.07,62,100,5.48,light rain
570,Majene,ID,-3.5403,118.9707,77.92,89,97,3.31,overcast clouds
571,Palmares Do Sul,BR,-30.2578,-50.5097,65.19,75,94,17.96,overcast clouds
572,Cockburn Town,TC,21.4612,-71.1419,85.96,70,40,9.22,scattered clouds
573,Ust-Nera,RU,64.5667,143.2,19.49,77,56,3.78,broken clouds
574,Pervomayskoye,RU,43.919,46.7102,53.87,77,75,10.31,broken clouds
575,Tazovskiy,RU,67.4667,78.7,28.31,76,43,15.88,scattered clouds
576,Rabat,MA,33.9911,-6.8401,67.15,94,75,0.0,broken clouds
577,Narsaq,GL,60.9167,-46.05,34.02,48,26,1.59,scattered clouds
578,Lazaro Cardenas,MX,17.9583,-102.2,85.48,67,91,7.23,overcast clouds
579,Athens,GR,37.9795,23.7162,66.94,89,38,1.01,scattered clouds
580,Necochea,AR,-38.5473,-58.7368,61.11,78,45,8.55,scattered clouds
581,Maceio,BR,-9.6658,-35.7353,81.84,78,20,12.66,few clouds
582,Bemidji,US,47.4736,-94.8803,61.14,96,90,6.91,overcast clouds
583,Sibu,MY,2.3,111.8167,75.51,100,40,3.0,scattered clouds
584,Qasigiannguit,GL,68.8193,-51.1922,34.05,82,100,1.72,overcast clouds
585,Palmas,BR,-10.2128,-48.3603,91.27,49,20,9.22,few clouds
586,Gondanglegi,ID,-7.7479,112.0132,74.23,85,85,10.47,overcast clouds
587,Fairbanks,US,64.8378,-147.7164,36.61,95,90,0.0,light rain
588,Walvis Bay,NA,-22.9575,14.5053,61.75,72,0,11.5,clear sky
589,Sorong,ID,-0.8833,131.25,79.32,84,100,5.53,overcast clouds
590,Luba,GQ,3.4568,8.5547,78.06,85,100,1.03,overcast clouds
591,Cumana,VE,10.4635,-64.1775,82.53,76,100,2.24,overcast clouds
592,Kupang,ID,-10.1667,123.5833,75.43,84,93,4.7,overcast clouds
593,Saint-Pierre,RE,-21.3393,55.4781,71.24,74,0,3.44,clear sky
594,Samarai,PG,-10.6167,150.6667,79.29,78,98,8.55,overcast clouds
595,Vilyuysk,RU,63.7553,121.6247,32.22,88,93,9.66,overcast clouds
596,Sao Felix Do Xingu,BR,-6.6447,-51.995,98.31,28,100,4.41,overcast clouds
597,Yen Bai,VN,21.7,104.8667,73.53,97,100,4.92,overcast clouds
598,Santa Vitoria Do Palmar,BR,-33.5189,-53.3681,60.6,78,93,15.52,overcast clouds
599,Laguna,US,38.421,-121.4238,80.69,37,1,1.01,clear sky
600,Acajutla,SV,13.5928,-89.8275,97.14,74,100,8.01,overcast clouds
601,Adrar,MR,20.5022,-10.0711,89.04,11,98,3.38,overcast clouds
602,Ulaangom,MN,49.9811,92.0667,32.56,62,62,2.35,broken clouds
603,Wad Rawah,SD,15.1603,33.1397,78.69,66,100,4.25,overcast clouds
604,Constantine,DZ,36.365,6.6147,56.61,71,40,1.14,scattered clouds
605,Ibra,OM,22.6906,58.5334,81.77,43,0,2.66,clear sky
606,Labuhan,ID,-6.8844,112.2051,77.54,78,70,8.66,broken clouds
607,Bertogne,BE,50.0836,5.6669,47.26,89,76,2.73,broken clouds
608,Sao Joao Da Barra,BR,-21.6403,-41.0511,68.09,91,100,16.28,overcast clouds
609,Mandla,IN,22.6,80.3833,68.02,74,5,1.41,clear sky
610,Batagay,RU,67.6333,134.6333,29.98,81,100,5.75,overcast clouds
611,Sao Gabriel Da Cachoeira,BR,-0.1303,-67.0892,81.93,77,73,1.16,broken clouds
612,Diffa,NE,13.3154,12.6113,89.76,14,87,6.29,overcast clouds
613,Setermoen,NO,68.861,18.3486,49.44,96,100,3.11,overcast clouds
614,Mwinilunga,ZM,-11.7358,24.4293,72.88,33,2,4.68,clear sky
615,Port Hardy,CA,50.6996,-127.4199,51.8,87,75,4.61,light intensity shower rain
616,Nacala,MZ,-14.5428,40.6728,74.84,85,5,6.24,clear sky
617,Smoky Lake,CA,54.1169,-112.4686,48.92,66,99,12.66,overcast clouds
618,Svetlogorsk,BY,52.6333,29.7333,39.34,64,92,4.41,overcast clouds
619,Slyudyanka,RU,51.6594,103.7061,37.08,72,2,5.84,clear sky
620,Fort Wellington,GY,6.4,-57.6,82.63,75,100,9.75,overcast clouds
621,Tolmezzo,IT,46.4075,13.0175,49.42,81,50,8.21,scattered clouds
622,Ewa Beach,US,21.3156,-158.0072,84.15,61,20,23.0,few clouds
623,Meulaboh,ID,4.1363,96.1285,76.15,88,100,3.29,overcast clouds
624,Carlagan,PH,14.975,122.0456,80.98,83,99,10.87,overcast clouds
625,Cururupu,BR,-1.8283,-44.8683,79.83,78,29,4.88,scattered clouds
626,Mayo,US,38.8876,-76.5119,74.1,84,90,8.01,overcast clouds
627,Oster,UA,50.9506,30.8823,45.79,57,30,6.8,scattered clouds
628,Milton,US,34.1322,-84.3007,83.37,65,11,1.01,few clouds
629,Avera,US,33.194,-82.5271,83.08,55,10,8.14,clear sky
630,Yerbogachen,RU,61.2767,108.0108,30.29,86,99,10.94,overcast clouds
631,Mufumbwe,ZM,-13.6833,24.8,75.0,28,3,5.3,clear sky
632,Epe,NG,6.5841,3.9834,75.97,94,97,5.06,moderate rain
633,Boali,CF,4.8005,18.1275,70.41,97,47,4.07,scattered clouds
634,Zavetnoye,RU,47.1194,43.8903,46.62,53,10,8.5,clear sky
635,Markapur,IN,15.7333,79.2833,79.11,78,100,3.38,overcast clouds
636,Samarinda,ID,-0.5,117.15,75.52,97,100,2.06,overcast clouds
637,Penzance,GB,50.1186,-5.5371,56.08,78,4,14.88,clear sky
638,Bekhtery,UA,46.251,32.2927,49.96,66,1,5.91,clear sky
639,Matai,TZ,-8.3,31.5167,68.59,36,99,5.82,overcast clouds
640,Mali,GN,12.079,-12.2982,61.92,89,98,1.39,light rain
641,San Felipe,VE,10.3399,-68.7425,79.83,89,87,3.49,overcast clouds
642,Jiayuguan,CN,39.8167,98.3,39.25,24,0,4.5,clear sky
643,Marienburg,PL,54.0359,19.0266,41.9,65,0,7.29,clear sky
644,Road Town,VG,18.4167,-64.6167,84.29,74,40,11.5,scattered clouds
645,Ajdabiya,LY,30.7554,20.2263,80.74,27,0,7.58,clear sky
646,Asfi,MA,32.2994,-9.2372,69.24,91,100,10.78,overcast clouds
647,Barretos,BR,-20.5572,-48.5678,69.87,92,100,7.99,moderate rain
648,Nizwa,OM,22.9333,57.5333,84.06,37,0,2.84,clear sky
649,Linxia,CN,35.6003,103.2064,40.42,88,40,2.98,scattered clouds
650,Dunmore Town,BS,25.5,-76.65,82.83,69,80,8.28,moderate rain
651,Florida,US,28.7505,-82.5001,88.21,54,40,8.05,scattered clouds
652,Bocsig,RO,46.4167,21.95,52.09,60,99,2.24,overcast clouds
653,Clonakilty,IE,51.6231,-8.8706,52.81,87,52,7.49,broken clouds
654,Prince Albert,CA,53.2001,-105.7677,58.95,26,75,6.91,broken clouds
655,Paranaiba,BR,-19.6772,-51.1908,68.52,95,100,9.93,overcast clouds
656,Northam,GB,51.0333,-4.2167,56.3,84,11,11.83,few clouds
657,Astana,KZ,51.1801,71.446,39.15,81,90,13.42,light rain
658,Teya,RU,60.3778,92.6267,24.87,83,100,7.34,overcast clouds
659,Yola,NG,9.2,12.4833,80.01,72,89,3.98,overcast clouds
660,Manyana,BW,-23.4,21.7167,66.52,15,0,8.93,clear sky
661,Moyale,KE,3.5167,39.0584,72.9,54,21,3.33,few clouds
662,Usinsk,RU,65.9939,57.5281,30.36,69,100,13.18,overcast clouds
663,Balabac,PH,7.9868,117.0645,81.18,81,100,15.99,heavy intensity rain
664,Zhezkazgan,KZ,47.8043,67.7144,46.81,46,92,8.84,moderate rain
665,Surin,TH,14.8818,103.4936,74.57,98,100,6.26,overcast clouds
666,Edd,ER,13.9297,41.6925,89.13,65,100,8.63,overcast clouds
667,Cotacachi,EC,0.3,-78.2667,56.75,88,99,3.06,moderate rain
668,Estevan,CA,49.1334,-102.9842,70.0,19,1,16.11,clear sky
669,Lulea,SE,65.5842,22.1547,48.27,100,90,9.22,fog
670,Hobyo,SO,5.3505,48.5268,78.58,88,47,18.07,scattered clouds
671,Lingao,CN,19.9103,109.6859,77.79,92,100,11.74,overcast clouds
672,Iki-Burul,RU,45.8208,44.6472,44.94,70,10,8.81,clear sky
673,Khandyga,RU,62.6667,135.6,31.12,75,100,5.93,overcast clouds
674,Troitskoye,RU,52.9821,84.6757,42.87,79,100,5.97,overcast clouds
675,Teguldet,RU,57.3064,88.1667,27.9,83,100,5.35,overcast clouds
676,Dickinson,US,29.4608,-95.0513,89.2,74,75,4.0,broken clouds
677,Pemangkat,ID,1.1667,108.9667,80.82,83,100,6.17,overcast clouds
678,Muli,MV,2.9167,73.5667,82.78,75,91,15.23,overcast clouds
679,Muncar,ID,-8.4333,114.3333,74.14,86,78,2.48,broken clouds
680,Novyy Urgal,RU,51.0736,132.5642,37.53,78,88,7.63,overcast clouds
681,Ixtapa,MX,20.7,-105.2,87.22,70,75,4.61,broken clouds
682,Tateyama,JP,34.9833,139.8667,71.62,70,57,13.09,broken clouds
683,Paamiut,GL,61.994,-49.6678,36.63,61,100,9.42,overcast clouds
684,Nurota,UZ,40.5614,65.6886,37.49,43,0,3.51,clear sky
685,Yinchuan,CN,38.4681,106.2731,45.54,45,0,3.87,clear sky
686,Hervey Bay,AU,-25.2986,152.8535,72.01,69,4,12.62,clear sky
687,Safaga,EG,26.7292,33.9365,84.15,41,1,13.27,clear sky
688,Solenzo,BF,12.1833,-4.0833,85.3,52,100,7.9,overcast clouds
689,Najran,SA,17.4924,44.1277,77.65,29,6,4.52,clear sky
690,Maracacume,BR,-2.0428,-45.9592,81.63,69,92,7.23,overcast clouds
691,Jiaojiang,CN,28.6803,121.4428,75.99,94,13,6.6,few clouds
692,Matamoros,MX,25.5333,-103.25,96.91,23,1,2.3,clear sky
693,Hit,IQ,33.6416,42.8251,79.41,17,0,7.74,clear sky
694,Tonstad,NO,58.6626,6.7169,51.35,89,86,15.77,overcast clouds
695,Havoysund,NO,70.9963,24.6622,45.48,87,100,7.72,overcast clouds
696,Rengasdengklok,ID,-6.1592,107.2981,80.13,73,85,2.1,overcast clouds
697,Hualmay,PE,-11.0964,-77.6139,66.78,79,49,9.84,scattered clouds
698,Buchanan,LR,5.8808,-10.0467,78.76,86,99,5.86,light rain
699,Ouesso,CG,1.6136,16.0517,71.11,99,98,3.98,overcast clouds
700,Xuanhua,CN,40.6103,115.0447,43.07,48,0,3.65,clear sky
701,General Pico,AR,-35.6566,-63.7568,67.6,57,98,2.26,light rain
702,Libreville,GA,0.3925,9.4537,78.82,94,40,4.61,scattered clouds
703,Lubao,PH,14.9167,120.55,81.14,92,97,5.84,overcast clouds
704,Roche-La-Moliere,FR,45.4341,4.3228,51.42,87,75,3.44,broken clouds
705,Limbang,MY,4.75,115.0,80.91,97,100,2.17,overcast clouds
706,Petropavlovsk-Kamchatskiy,RU,53.0452,158.6483,39.79,100,90,13.42,light intensity shower rain
707,Conde,BR,-7.2597,-34.9075,80.06,74,20,10.36,few clouds
708,Port Blair,IN,11.6667,92.75,80.73,83,100,17.02,overcast clouds
709,Lakes Entrance,AU,-37.8811,147.981,43.57,91,18,8.59,few clouds
710,Lang Suan,TH,9.9456,99.0785,78.48,87,74,7.36,heavy intensity rain
711,Exu,BR,-7.5119,-39.7242,93.61,24,91,2.8,overcast clouds
